-- ============================================================
-- 演示数据：少量真实感数据，用于功能展示
-- ============================================================

USE smart_police;

-- 1. 用户（dept_id 使用已有部门：1=某市公安局, 5=城东派出所, 6=城西派出所）（BCrypt 密码均为 123456）
INSERT INTO sys_user (id, badge_no, username, password, real_name, gender, phone, email, dept_id, status, is_deleted) VALUES
(2, 'P001', 'zhangsan',  '$2b$10$hGgH5MwNM373Lfmlx4wV3.4EBRtUGtoneCQbBzup2s5758uWylhua', '张建国', 1, '13800001001', 'zhangjg@police.cn', 4, 1, 0),
(3, 'P002', 'lisi',      '$2b$10$hGgH5MwNM373Lfmlx4wV3.4EBRtUGtoneCQbBzup2s5758uWylhua', '李明辉', 1, '13800001002', 'limh@police.cn',   4, 1, 0),
(4, 'P003', 'wangfang',  '$2b$10$hGgH5MwNM373Lfmlx4wV3.4EBRtUGtoneCQbBzup2s5758uWylhua', '王芳',   2, '13800001003', 'wangf@police.cn',  5, 1, 0),
(5, 'P004', 'zhaowei',   '$2b$10$hGgH5MwNM373Lfmlx4wV3.4EBRtUGtoneCQbBzup2s5758uWylhua', '赵伟',   1, '13800001004', 'zhaow@police.cn',  4, 1, 0),
(6, 'P005', 'liuna',     '$2b$10$hGgH5MwNM373Lfmlx4wV3.4EBRtUGtoneCQbBzup2s5758uWylhua', '刘娜',   2, '13800001005', 'liun@police.cn',   5, 1, 0),
(7, 'P006', 'chengang',  '$2b$10$hGgH5MwNM373Lfmlx4wV3.4EBRtUGtoneCQbBzup2s5758uWylhua', '陈刚',   1, '13800001006', 'cheng@police.cn',  3, 1, 0),
(8, 'P007', 'sunqiang',  '$2b$10$hGgH5MwNM373Lfmlx4wV3.4EBRtUGtoneCQbBzup2s5758uWylhua', '孙强',   1, '13800001007', 'sunq@police.cn',   4, 1, 0),
(9, 'P008', 'zhoujie',   '$2b$10$hGgH5MwNM373Lfmlx4wV3.4EBRtUGtoneCQbBzup2s5758uWylhua', '周洁',   2, '13800001008', 'zhouj@police.cn',  4, 1, 0);

-- 3. 分配角色（除 admin 外都是民警）
INSERT INTO sys_user_role (user_id, role_id) VALUES
(2,3),(3,3),(4,3),(5,3),(6,3),(7,3),(8,3),(9,3);

-- 4. 警员档案（user_id 与 sys_user.id 对应）
INSERT INTO officer_info (id, user_id, badge_no, real_name, gender, police_category, rank_title, dept_id, work_status, skills, is_deleted) VALUES
(2, 2, 'P001', '张建国', 1, '治安警',  '一级警司', 5, 'on_duty',  '纠纷调解,巡逻防控',        0),
(3, 3, 'P002', '李明辉', 1, '刑警',    '二级警督', 5, 'on_duty',  '刑侦,审讯,现场勘查',        0),
(4, 4, 'P003', '王芳',   2, '治安警',  '三级警司', 6, 'on_duty',  '社区警务,户籍管理',         0),
(5, 5, 'P004', '赵伟',   1, '交警',    '一级警司', 5, 'on_duty',  '交通管理,事故处理',         0),
(6, 6, 'P005', '刘娜',   2, '刑警',    '二级警司', 6, 'vacation', '情报分析,便衣侦查',         0),
(7, 7, 'P006', '陈刚',   1, '治安警',  '三级警督', 3, 'on_duty',  '应急处突,大型活动安保',     0),
(8, 8, 'P007', '孙强',   1, '刑警',    '一级警司', 5, 'business', '网络侦查,电子取证',         0),
(9, 9, 'P008', '周洁',   2, '治安警',  '三级警司', 5, 'on_duty',  '巡逻防控,110接处警',        0);

-- 5. 人员档案（普通市民 + 重点人员）
INSERT INTO person_info (id, name, gender, id_card, phone, household_addr, current_addr, person_type, occupation, is_deleted) VALUES
(1,  '赵大勇', 1, '320102198503121234', '13900001101', '北京市海淀区中山路100号',  '北京市海淀区中山路100号',  'normal', '个体商户',  0),
(2,  '钱晓丽', 2, '320106199008152345', '13900001102', '北京市朝阳区湖南路50号',   '北京市朝阳区湖南路50号',   'normal', '公司职员',  0),
(3,  '孙志明', 1, '320104197804213456', '13900001103', '北京市东城区夫子庙12号',   '北京市东城区夫子庙12号',   'focus',  '无业',      0),
(4,  '李桂花', 2, '320103196512014567', '13900001104', '北京市西城区奥体大街88号', '北京市西城区奥体大街88号', 'normal', '退休',      0),
(5,  '周文斌', 1, '320105199503155678', '13900001105', '北京市丰台区软件大道1号', '北京市丰台区软件大道1号', 'normal', '程序员',    0),
(6,  '吴海龙', 1, '350203198812016789', '13900001106', '厦门市思明区环岛路200号',  '北京市通州区宏运大道66号',  'wanted', '无业',      0),
(7,  '郑小红', 2, '320102200107018901', '13900001107', '北京市海淀区北京东路20号',  '北京市海淀区北京东路20号',  'normal', '大学生',    0),
(8,  '王永安', 1, '320106197211112345', '13900001108', '北京市朝阳区新模范马路9号', '北京市朝阳区新模范马路9号', 'drug',   '无业',      0),
(9,  '冯美玲', 2, '320104199908222345', '13900001109', '北京市东城区中华路33号',   '北京市东城区中华路33号',   'normal', '教师',      0),
(10, '陈大力', 1, '320105198203033456', '13900001110', '北京市丰台区铁心桥18号',  '北京市丰台区铁心桥18号',  'focus',  '个体运输',  0);

-- 6. 车辆
INSERT INTO vehicle_info (id, plate_no, vin, vehicle_type, brand, model, color, owner_name, status, is_deleted) VALUES
(1, '京A·12345', 'LSVAA4180E2123456', '轿车',   '大众', '帕萨特 2022款',   '黑色', '赵大勇', 'normal',   0),
(2, '京A·67890', 'LFV3A21K9E3123457', '轿车',   '奥迪', 'A6L 2023款',      '白色', '钱晓丽', 'normal',   0),
(3, '京A·11223', 'LHGCR2650E8123458', 'SUV',    '本田', 'CR-V 2021款',     '银色', '周文斌', 'normal',   0),
(4, '京A·33445', 'LVHRE4850E9123459', '货车',   '福田', '欧马可 2023款',   '蓝色', '陈大力', 'suspicious', 0),
(5, '京A·55667', 'LGBH12E01EY123460', '轿车',   '日产', '轩逸 2022款',     '红色', '孙志明', 'controlled', 0),
(6, '京A·88990', 'LSVCH2A4XEN123461', '摩托车','本田', 'CB400 2023款',    '黑色', '吴海龙', 'wanted',   0);

-- 7. 报警记录（status: 1待处置/2处置中/3已处置/4已关闭）
INSERT INTO alarm_record (id, alarm_no, alarm_time, caller_name, caller_phone, location_city, location_district, location_detail, alarm_type, alarm_desc, urgency_level, status, is_deleted) VALUES
(1, 'BJ20260610001', '2026-06-10 08:15:00', '钱晓丽', '13900001102', '北京市', '朝阳区', '湖南路50号小区3栋',                     'theft',      '家中被盗，丢失现金约5000元和首饰若干，嫌疑人疑似撬锁进入',                               2, 1, 0),
(2, 'BJ20260610002', '2026-06-10 10:30:00', '赵大勇', '13900001101', '北京市', '海淀区', '中山路100号农贸市场',                    'dispute',    '与隔壁摊位发生纠纷，对方推搡导致货架倾倒',                                               1, 2, 0),
(3, 'BJ20260610003', '2026-06-10 14:20:00', '热心市民', '13800009999', '北京市', '东城区', '夫子庙景区东门',                       'injury',     '景区内有人持刀伤人，一人受伤倒地，嫌疑人已逃窜',                                         3, 3, 0),
(4, 'BJ20260611001', '2026-06-11 09:45:00', '李桂花', '13900001104', '北京市', '西城区', '奥体大街88号建行ATM',                   'fraud',      '接到自称公安局电话，被骗转账20万元至所谓安全账户',                                     2, 2, 0),
(5, 'BJ20260611002', '2026-06-11 17:10:00', '周文斌', '13900001105', '北京市', '丰台区','软件大道与安德门大街交叉口',               'traffic',    '两车相撞，无人员伤亡，双方争执不下，车辆占据右转车道',                                   2, 3, 0),
(6, 'BJ20260612001', '2026-06-12 07:30:00', '冯美玲', '13900001109', '北京市', '东城区', '中华路33号商业街服装店',                 'theft',      '店铺打烊后发现卷帘门被撬，店内现金和衣物被盗，预估损失约2万元',                         2, 1, 0),
(7, 'BJ20260612002', '2026-06-12 11:00:00', '王永安', '13900001108', '北京市', '朝阳区', '新模范马路9号平价超市',                  'disturbance','醉酒闹事，在超市内大声喧哗并推倒货架，店主报警求助',                                    1, 2, 0),
(8, 'BJ20260612003', '2026-06-12 14:00:00', '郑小红', '13900001107', '北京市', '海淀区', '北京东路20号南京大学鼓楼校区',           'missing',    '室友失联超过24小时，手机关机，最后出现地点为学校图书馆',                                2, 1, 0);

-- 8. 案件（不同状态）
INSERT INTO case_info (id, case_no, case_name, case_category, case_type, occurred_at, location_city, location_district, location_detail, case_desc, status, severity_level, lead_officer_id, dept_id, file_date, is_deleted) VALUES
(1, 'AJ20260610001', '6·10 朝阳区入室盗窃案', 'criminal', 'theft',   '2026-06-10 07:30:00', '北京市','朝阳区','湖南路50号小区3栋201室', '被害人钱晓丽早晨起床后发现客厅窗户被撬开，卧室抽屉被翻动，丢失现金5200元、金项链一条、金戒指两枚，价值共计约2万元。现场提取到可疑指纹若干。', 'investigating', 2, 3, 5, '2026-06-10', 0),
(2, 'AJ20260610002', '6·10 夫子庙持刀伤人案',  'criminal', 'injury',  '2026-06-10 14:00:00', '北京市','东城区','夫子庙景区东门入口处', '嫌疑人持水果刀刺伤一名男性游客后逃逸。被害人腹部中刀，已送医抢救，无生命危险。监控显示嫌疑人身高约175cm，穿黑色T恤、深色长裤，戴棒球帽。', 'investigating', 4, 3, 6, '2026-06-10', 0),
(3, 'AJ20260611001', '6·11 电信诈骗案',         'criminal', 'fraud',   '2026-06-11 09:00:00', '北京市','西城区','奥体大街88号',       '被害人李桂花接到冒充公安机关的电话，对方以其涉及洗钱案为由，诱导其将20万元转入指定账户。已调取银行转账记录和通话记录。', 'transferred', 3, 9, 5, '2026-06-11', 0),
(4, 'AJ20260608001', '6·8 丰台区寻衅滋事案',  'public',   'affray',  '2026-06-08 22:00:00', '北京市','丰台区','铁心桥夜市',       '多名社会闲散人员在夜市聚众斗殴，致三人轻伤。民警到场后当场抓获4人，另2人在逃。', 'closed', 3, 2, 5, '2026-06-09', 0),
(5, 'AJ20260605001', '6·5 孙志明吸毒案',        'public',   'drug',    '2026-06-05 20:00:00', '北京市','东城区','夫子庙12号3单元301室','群众举报孙志明有吸毒嫌疑，民警在其住所查获冰毒0.5克及吸毒工具一套。嫌疑人尿检呈阳性。', 'closed', 2, 2, 5, '2026-06-05', 0),
(6, 'AJ20260612001', '6·12 中华路商业街盗窃案',  'criminal', 'theft',   '2026-06-12 07:00:00', '北京市','东城区','中华路33号商业街',   '受害人冯美玲的服装店被撬，遗失现金3000元、当季新款衣物若干。周边监控正在调取中。', 'investigating', 2, 8, 6, '2026-06-12', 0);

-- 9. 案件侦查进展
INSERT INTO case_progress (case_id, progress_time, content, next_plan) VALUES
(1, '2026-06-10 10:00:00', '勘查现场，提取窗台指纹3枚、足迹2组，已送技术科鉴定', '比对数据库指纹'),
(1, '2026-06-11 15:30:00', '调取小区及周边道路监控，锁定一名形迹可疑男子，约30岁，背黑色双肩包', '提取监控截图，走访周边居民辨认'),
(2, '2026-06-10 16:00:00', '调取景区周边全部监控，嫌疑人沿贡院街向西逃窜，进入老旧小区后消失', '排查该小区租住人员');

-- 10. 证据
INSERT INTO case_evidence (case_id, evidence_no, evidence_name, evidence_type, collect_time, collect_location, storage_location, description, file_url, is_deleted) VALUES
(1, 'EV20260610001', '窗台指纹提取胶带', 'physical', '2026-06-10 09:30:00', '朝阳区湖南路50号3栋201室窗台', '物证室A-3-12', '银色铝粉提取，共3枚', null, 0),
(1, 'EV20260610002', '小区监控录像',     'media',    '2026-06-10 11:00:00', '物业监控室',                       '电子证据服务器', '时长4小时，MP4格式', '/uploads/video_001.mp4', 0),
(2, 'EV20260610003', '现场水果刀',       'physical', '2026-06-10 14:40:00', '东城区夫子庙景区东门',             '物证室B-1-05', '刀身长约20cm，沾有血迹', null, 0),
(2, 'EV20260610004', '目击者笔录',       'document', '2026-06-10 15:20:00', '南街派出所询问室',                 '案卷柜A-2',     '目击者刘先生、王女士证言', null, 0);

-- 11. 嫌疑人
INSERT INTO case_suspect (case_id, name, gender, id_card, phone, address, suspect_level) VALUES
(1, '未知嫌疑人', 1, null, null, null, 1),
(2, '刘海柱',     1, '110101198807123456', '13800002001', '东城区贡院街老小区5号楼', 3);

-- 12. 巡逻任务
INSERT INTO patrol_task (id, task_no, task_name, task_type, officer_id, area_name, task_start, task_end, status, summary) VALUES
(1, 'XL20260610001', '南街片区例行巡逻',  'routine', 2, '城东派出所辖区',    '2026-06-10 08:00:00', '2026-06-10 14:00:00', 'completed', '辖区治安良好，处置纠纷1起，劝离可疑人员2名'),
(2, 'XL20260610002', '科技园专项检查',    'special', 4, '城西派出所辖区',    '2026-06-10 09:00:00', '2026-06-10 17:00:00', 'completed', '检查商铺32家，发现消防隐患3处，已责令整改'),
(3, 'XL20260611001', '早班巡逻',          'routine', 5, '城东派出所辖区',    '2026-06-11 08:00:00', '2026-06-11 14:00:00', 'completed', '正常'),
(4, 'XL20260611002', '景区定点值守',      'fixed',   3, '东城区景区',        '2026-06-11 14:00:00', '2026-06-11 22:00:00', 'completed', '景区人流密集，协助疏导3次，救助走失儿童1名'),
(5, 'XL20260612001', '早班巡逻',          'routine', 2, '城东派出所辖区',    '2026-06-12 08:00:00', '2026-06-12 14:00:00', 'ongoing',   null),
(6, 'XL20260612002', '交通整治',          'special', 5, '丰台区安德门大街',  '2026-06-12 09:00:00', '2026-06-12 12:00:00', 'accepted',  null);

-- 13. 巡逻排班（本周）
INSERT INTO patrol_schedule (id, schedule_date, shift_type, officer_id, start_time, end_time) VALUES
(1,  '2026-06-08', 'morning',   2, '06:00', '14:00'),
(2,  '2026-06-08', 'afternoon', 5, '14:00', '22:00'),
(3,  '2026-06-08', 'night',     9, '22:00', '06:00'),
(4,  '2026-06-09', 'morning',   9, '06:00', '14:00'),
(5,  '2026-06-09', 'afternoon', 3, '14:00', '22:00'),
(6,  '2026-06-09', 'night',     9, '22:00', '06:00'),
(7,  '2026-06-10', 'morning',   2, '06:00', '14:00'),
(8,  '2026-06-10', 'afternoon', 9, '14:00', '22:00'),
(9,  '2026-06-10', 'night',     5, '22:00', '06:00'),
(10, '2026-06-11', 'morning',   5, '06:00', '14:00'),
(11, '2026-06-11', 'afternoon', 3, '14:00', '22:00'),
(12, '2026-06-11', 'night',     9, '22:00', '06:00'),
(13, '2026-06-12', 'morning',   2, '06:00', '14:00'),
(14, '2026-06-12', 'afternoon', 4, '14:00', '22:00'),
(15, '2026-06-12', 'night',     9, '22:00', '06:00');

-- 14. 装备物资
INSERT INTO equipment_info (id, equip_no, equip_name, equip_type, brand, model, status, is_deleted) VALUES
(1,  'EQ001', '警用对讲机',   '通信设备', 'Motorola', 'MTP8550Ex',    'idle', 0),
(2,  'EQ002', '执法记录仪',   '取证设备', '海康威视', 'DSJ-HK02',     'idle', 0),
(3,  'EQ003', '防刺背心',     '防护装备', '国产',     'F-001 3级',    'idle', 0),
(4,  'EQ004', '警用强光手电', '照明设备', '纳丽德',   'TA30',         'idle', 0),
(5,  'EQ005', '警棍',         '警械',     '国产',     '伸缩G2',       'idle', 0),
(6,  'EQ006', '手铐',         '警械',     '国产',     '链式HC-01',    'idle', 0),
(7,  'EQ007', '酒精测试仪',   '检测设备', '黑豹',     '3号',          'idle', 0),
(8,  'EQ008', '急救包',       '医疗设备', '国产',     'JJ-01',        'idle', 0),
(9,  'EQ009', '无人机',       '侦查设备', 'DJI',      'Matrice 300',  'borrowed', 0),
(10, 'EQ010', '阻车路障',     '交通设施', '国产',     'ZC-02',        'idle', 0);

-- 15. 违法记录
INSERT INTO person_violation (person_id, violation_time, violation_type, result, description, related_case_id) VALUES
(3, '2026-06-05 20:30:00', '吸毒', '行政拘留15日', '在其住所查获冰毒0.5克', 5),
(6, '2025-11-20 03:00:00', '盗窃', '在逃',         '入室盗窃后逃逸，被列入网上追逃', null),
(8, '2025-08-15 22:00:00', '吸毒', '强制隔离戒毒', '吸毒被当场查获', null),
(8, '2026-03-10 19:00:00', '吸毒', '社区戒毒',     '复吸被查获', null);

-- 16. 操作日志（最近几条）
INSERT INTO sys_operation_log (user_name, module, action, request_body, request_ip, execute_time, request_url, response_code, created_at) VALUES
('admin',   '系统管理', '登录系统', '{"username":"admin"}',          '192.168.1.100', 45,  '/api/auth/login',       200, '2026-06-12 08:00:00'),
('张建国',  '报警受理', '接警录入', '{"alarmType":"theft"}',        '192.168.1.101', 120, '/api/alarm/create',     200, '2026-06-12 08:15:00'),
('李明辉',  '案件管理', '案件立案', '{"caseName":"6·10入室盗窃"}', '192.168.1.102', 230, '/api/case/create',      200, '2026-06-10 09:00:00'),
('王芳',    '巡逻调度', '签到打卡', '{"type":"start"}',             '192.168.1.103', 30,  '/api/patrol/checkin',   200, '2026-06-10 08:05:00'),
('赵伟',    '车辆管理', '车辆登记', '{"plateNo":"苏A·33445"}',      '192.168.1.104', 95,  '/api/vehicle/create',   200, '2026-06-11 14:30:00'),
('周洁',    '人员档案', '新增人员', '{"name":"陈大力"}',            '192.168.1.105', 110, '/api/person/create',    200, '2026-06-12 10:00:00');
